<?xml version="1.0" encoding="UTF-8"?>

<cubes>

    <xmla_authentication>False</xmla_authentication>

    <cube>
        <!-- cube name => db name -->
        <name>mpr</name>
        <!-- source : mysql | postgres | csv -->
        <source>postgres</source>

        <!--
        star building customized star schema
        -->
        <facts>
            <!-- facts table name -->
            <!--<table_name>projet</table_name>-->
            <table_name>projet</table_name>
            <keys>
                <!-- ref = table_name.column  -->
                <column_name ref="vocabulary_crm_aap_type.id">aap_name_id</column_name>
                <column_name ref="vocabulary_crm_pole_leader.id">pole_leader_id</column_name>
                <column_name ref="vocabulary_crm_status.id">status_id</column_name>

            </keys>

            <!-- specify measures explicitly -->
            <measures>
                <!-- by default, all number type columns in facts table, or you can specify them here -->
                <name>budget_total</name>
                <name>subvention_totale</name>
 
            </measures>

        </facts>

        <!--
        end building customized star schema
        -->

        <!--
        star building customized dimensions display in excel from the star schema
        -->
        <dimensions>

            <dimension>
                <!-- IMPORTANT , put here facts table also (little bug)-->
               <name>projet</name>
               <displayName>projet</displayName>
                <!--<columns> -->
                    <!-- columns order matter -->
                    <!-- INCLUDE ID -->
                    <!-- <name>titre</name> -->
                <!-- </columns>  -->
            </dimension>

            <dimension>
                <!-- if you want to keep the same name for excel display, just use the same name in name and displayName -->
                <name>vocabulary_crm_aap_type</name>
                <displayName>AAP</displayName>
                <columns>
                    <!-- columns order matter -->
                    <name column_new_name="aap">label</name>
                </columns>
            </dimension>

             <dimension>
                <!-- if you want to keep the same name for excel display, just use the same name in name and displayName -->
                <name>vocabulary_crm_pole_leader</name>
                <displayName>POLE_LEADER</displayName>
                <columns>
                    <!-- columns order matter -->
                    <name column_new_name="pole_leader">label</name>
                </columns>
            </dimension>


            <dimension>
                <!-- if you want to keep the same name for excel display, just use the same name in name and displayName -->
                <name>vocabulary_crm_status</name>
                <displayName>ETAT</displayName>
                <columns>
                    <!-- columns order matter -->
                    <name column_new_name="etat">label</name>
                </columns>
            </dimension>

        </dimensions>


        <!--
        end building customized dimensions display in excel from the star schema
        -->

    </cube>

</cubes>
