<cubes>
   <cube>
      <!-- cube name => db name -->
      <name>mpr</name>
      <!-- source : postgres | mysql | mssql | oracle | csv -->
      <source>postgres</source>
      <!--
         star building customized star schema
        -->
      <facts>
         <!-- facts table name -->
         <table_name>projet</table_name>
         <keys>
            <!-- ref = table_name.column  -->
            <column_name ref="vocabulary_crm_status.id">status_id</column_name>
            <column_name ref="vocabulary_crm_pole_leader.id">pole_leader_id</column_name>
            <column_name ref="contact.id">contact_id</column_name>
            <column_name ref="compte.id">compte_porteur_id</column_name>
            <column_name ref="vocabulary_crm_aap_type.id">aap_name_id</column_name>
         </keys>
         <!-- specify measures explicitly -->
         <measures>
            <!-- by default, all number type columns in facts table, or you can specify them here -->
            <name>budget_total</name>
            <name>subvention_totale</name>
            <!-- <name>duree_projet</name> -->

         </measures>

         <!-- additional columns to keep other than measures and ids -->
         <columns>labelized,financed</columns>

      </facts>
      <!--
         end building customized star schema
        -->
      <!-- ****************************************************  -->
      <!-- FOR WEB -->
      <tables>
         <!-- Table name -->
         <table name="vocabulary_crm_status">
            <!-- Columns to keep (INCLUDING id)-->
            <!-- They must be seperated with comma ',' -->
            <columns>id,label</columns>
            <!-- Change insignificant table columns names -->
            <!-- {IMPORTANT} Renaming COMMUN columns between dimensions and other columns if you want, other than ids column -->
            <new_name old_column_name="label">Status</new_name>
         </table>
         <!-- ***********************  -->
         <!-- Table name -->
         <table name="vocabulary_crm_pole_leader">
            <!-- Columns to keep (INCLUDING id)-->
            <!-- They must be seperated with comma ',' -->
            <columns>id,label</columns>
            <!-- Change insignificant table columns names -->
            <!-- {IMPORTANT} Renaming COMMUN columns between dimensions and other columns if you want, other than ids column -->
            <new_name old_column_name="label">Pole leader</new_name>
         </table>
         <!-- ***********************  -->
         <!-- Table name -->
         <table name="vocabulary_crm_aap_type">
            <!-- Columns to keep (INCLUDING id)-->
            <!-- They must be seperated with comma ',' -->
            <columns>id,label</columns>
            <!-- Change insignificant table columns names -->
            <!-- {IMPORTANT} Renaming COMMUN columns between dimensions and other columns if you want, other than ids column -->
            <new_name old_column_name="label">Type</new_name>
         </table>
         <!-- ***********************  -->
         <!-- Table name -->
         <table name="contact">
            <!-- Columns to keep (INCLUDING id)-->
            <!-- They must be seperated with comma ',' -->
            <columns>id,nom,prenom,fonction</columns>
         </table>
         <!-- ***********************  -->
         <!-- Table name -->
         <table name="compte">
            <!-- Columns to keep (INCLUDING id)-->
            <!-- They must be seperated with comma ',' -->
            <columns>id,annee_immatriculation</columns>
         </table>
      </tables>
      <!-- END FOR WEB -->
      <!-- ****************************************************  -->

      <!-- Dashboards -->

      <Dashboards>

         <Dashboard>

            <Global_table>
               <!-- IMPORTANT !! columns and rows names must be specified as above with their new names -->
               <!-- EXAMPLE <new_name old_column_name="label">Pole leader</new_name>, you put Pole leader -->
               <columns>Pole leader,Type</columns>
               <rows>Status</rows>

            </Global_table>

            <PieCharts>Status,financed,labelized</PieCharts>

            <!-- TODO BarCharts with Stacked Bar Chart -->
            <BarCharts>Type</BarCharts>

            <!-- Preferably with time/date (or sequenced) tables-->
            <LineCharts>

               <table>

                  <name>annee_immatriculation</name>
                  <!-- if not specified, then all columns attributs -->
                  <columns>1945,2000,2006,2015</columns>

               </table>
               
            </LineCharts>
            
         </Dashboard>
         


      </Dashboards>




      <!-- END Dashboards -->

   </cube>
</cubes>
